state,year,miles,fatalities,seatbelt,speed65,speed70,drinkage,alcohol,income,age,enforce
AK,1983,3358,150,NA,no,no,yes,no,17973,28.23496628,no
AK,1984,3589,134,NA,no,no,yes,no,18093,28.3435421,no
AK,1985,3840,127,NA,no,no,yes,no,18925,28.37281609,no
AK,1986,4008,101,NA,no,no,yes,no,18466,28.39665222,no
AK,1987,3900,76,NA,no,no,yes,no,18021,28.45325089,no
AK,1988,3841,97,NA,no,no,yes,no,18447,28.85141945,no
AK,1989,3887,84,NA,no,no,yes,no,19970,29.14895439,no
AK,1990,3979,98,0.449999988,no,no,yes,no,21073,29.58628464,no
AK,1991,4021,101,0.660000026,no,no,yes,no,21496,29.82771111,secondary
AK,1992,3841,108,0.660000026,yes,no,yes,no,22073,30.21069717,secondary
AK,1993,3918,118,0.689999998,yes,no,yes,no,22711,30.46438599,secondary
AK,1994,4150,85,0.689999998,yes,no,yes,no,23417,30.75657082,secondary
AK,1995,4123,87,0.689999998,yes,no,yes,no,23971,31.1785965,secondary
AK,1996,4115,81,0.689999998,yes,no,yes,no,24310,31.44535446,secondary
AK,1997,4387,77,0.689999998,yes,no,yes,no,24969,31.60147476,secondary
AL,1983,31032,930,NA,no,no,no,no,9505,34.20064545,no
AL,1984,32961,932,0.129999995,no,no,no,no,10417,34.42163086,no
AL,1985,35091,882,0.170000002,no,no,yes,no,11133,34.60256958,no
AL,1986,34003,1081,0.289999992,no,no,yes,no,11736,34.76067352,no
AL,1987,37426,1111,0.209999993,yes,no,yes,no,12394,34.95565796,no
AL,1988,39684,1024,0.289999992,yes,no,yes,no,13288,35.13695526,no
AL,1989,40765,1029,0.379999995,yes,no,yes,no,14266,35.32785797,no
AL,1990,42347,1121,0.439999998,yes,no,yes,no,15213,35.6229248,no
AL,1991,42924,1116,0.469999999,yes,no,yes,no,15895,35.68873596,no
AL,1992,45762,1031,0.579999983,yes,no,yes,no,16817,35.83261871,secondary
AL,1993,47337,1044,0.550000012,yes,no,yes,no,17398,35.94825363,secondary
AL,1994,48956,1083,0.550000012,yes,no,yes,no,18163,36.0920105,secondary
AL,1995,50628,1114,0.519999981,yes,yes,yes,yes,19041,36.2057457,secondary
AL,1996,51433,1146,0.540000021,yes,yes,yes,yes,19838,36.38513184,secondary
AL,1997,53458,1192,0.519999981,yes,yes,yes,yes,20672,36.50072098,secondary
AR,1983,16684,557,NA,no,no,yes,no,9267,35.42213821,no
AR,1984,16621,525,NA,no,no,yes,no,10263,35.56396484,no
AR,1985,17112,534,NA,no,no,yes,no,10919,35.6919136,no
AR,1986,17555,603,0.197999999,no,no,yes,no,11409,35.86726761,no
AR,1987,18306,639,NA,yes,no,yes,no,11842,36.00813293,no
AR,1988,19219,610,0.300999999,yes,no,yes,no,12637,36.14386749,no
AR,1989,20414,647,NA,yes,no,yes,no,13353,36.29208374,no
AR,1990,21011,604,0.340000004,yes,no,yes,no,14025,36.42568207,no
AR,1991,21934,608,0.519999981,yes,no,yes,no,14766,36.46631622,secondary
AR,1992,23081,588,0.550000012,yes,no,yes,no,15807,36.50569916,secondary
AR,1993,23995,583,0.550000012,yes,no,yes,no,16380,36.59257507,secondary
AR,1994,24948,609,0.50999999,yes,no,yes,no,17090,36.62239075,secondary
AR,1995,26653,631,0.50999999,yes,no,yes,no,17934,36.62849045,secondary
AR,1996,27840,615,0.479999989,yes,no,yes,no,18808,36.66523743,secondary
AR,1997,28144,660,0.479999989,yes,no,yes,no,19595,36.81757736,secondary
AZ,1983,19611,675,NA,no,no,no,no,11277,34.11421967,no
AZ,1984,20613,869,NA,no,no,yes,no,12375,34.24707031,no
AZ,1985,21580,893,NA,no,no,yes,no,13280,34.33135986,no
AZ,1986,22665,1007,NA,no,no,yes,no,13980,34.4753418,no
AZ,1987,31729,939,NA,yes,no,yes,no,14631,34.54302597,no
AZ,1988,34247,944,NA,yes,no,yes,no,15246,34.65613174,no
AZ,1989,34816,879,NA,yes,no,yes,no,15919,34.70410919,no
AZ,1990,35456,869,0.550000012,yes,no,yes,no,16608,34.88562393,no
AZ,1991,34929,816,0.649999976,yes,no,yes,no,16971,35.0049057,secondary
AZ,1992,35047,809,0.730000019,yes,no,yes,no,17583,35.19246674,secondary
AZ,1993,39150,801,0.730000019,yes,no,yes,no,18270,35.28326035,secondary
AZ,1994,38774,904,0.600000024,yes,no,yes,no,19127,35.49593353,secondary
AZ,1995,39653,1035,0.600000024,yes,yes,yes,no,20078,35.4948616,secondary
AZ,1996,42123,994,0.560000002,yes,yes,yes,no,21071,35.55243301,secondary
AZ,1997,43491,951,0.629999995,yes,yes,yes,no,21998,35.70043564,secondary
CA,1983,182652,4573,NA,no,no,yes,no,14258,33.73745728,no
CA,1984,196537,5020,NA,no,no,yes,no,15593,33.78442764,no
CA,1985,207600,4960,0.257999986,no,no,yes,no,16523,33.80182648,no
CA,1986,214913,5253,0.454300016,no,no,yes,no,17255,33.81114197,secondary
CA,1987,226301,5504,0.480999976,yes,no,yes,no,18175,33.82216263,secondary
CA,1988,241575,5392,0.50849998,yes,no,yes,no,19263,33.8038063,secondary
CA,1989,251482,5412,0.532999992,yes,no,yes,no,20226,33.75920868,secondary
CA,1990,258926,5192,0.57099998,yes,no,yes,yes,21363,33.83672333,secondary
CA,1991,257976,4688,0.593499959,yes,no,yes,yes,21491,33.79849243,secondary
CA,1992,262548,4192,0.666000009,yes,no,yes,yes,22191,33.89958191,secondary
CA,1993,266408,4164,0.813000023,yes,no,yes,yes,22430,33.98205948,secondary
CA,1994,271943,4232,0.826999962,yes,no,yes,yes,22953,34.05400467,secondary
CA,1995,276371,4192,0.816999972,yes,yes,yes,yes,23983,34.17737198,secondary
CA,1996,278043,3989,0.845000029,yes,yes,yes,yes,25142,34.2943306,secondary
CA,1997,285612,3688,0.851999998,yes,yes,yes,yes,26314,34.48209,secondary
CO,1983,24109,646,NA,no,no,no,no,13460,32.60922623,no
CO,1984,24588,608,NA,no,no,no,no,14597,32.79043961,no
CO,1985,26146,579,NA,no,no,no,no,15224,32.94545746,no
CO,1986,26382,603,NA,no,no,no,no,15571,33.11536407,no
CO,1987,26968,591,NA,yes,no,yes,no,16147,33.29123688,secondary
CO,1988,27665,497,NA,yes,no,yes,no,16985,33.52191925,secondary
CO,1989,27577,527,NA,yes,no,yes,no,18110,33.77364349,secondary
CO,1990,27178,544,0.5,yes,no,yes,no,19290,34.01882935,secondary
CO,1991,27744,543,0.50999999,yes,no,yes,no,20099,34.17677307,secondary
CO,1992,28927,522,0.5,yes,no,yes,no,21005,34.34635162,secondary
CO,1993,32718,559,0.529999971,yes,no,yes,no,22117,34.55241013,secondary
CO,1994,33705,586,0.540000021,yes,no,yes,no,23019,34.7841568,secondary
CO,1995,35058,645,0.560000002,yes,no,yes,no,24304,34.98941803,secondary
CO,1996,36141,617,0.560000002,yes,no,yes,no,25627,35.19138718,secondary
CO,1997,37746,613,0.589999974,yes,no,yes,no,27015,35.31958771,secondary
CT,1983,20630,438,NA,no,no,no,no,15620,36.03425217,no
CT,1984,21076,469,NA,no,no,no,no,17360,36.1912384,no
CT,1985,22152,448,NA,no,no,yes,no,18531,36.30097961,no
CT,1986,24053,455,NA,no,no,yes,no,19815,36.35538483,primary
CT,1987,26775,449,NA,no,no,yes,no,21588,36.45134735,primary
CT,1988,26062,484,NA,no,no,yes,no,23699,36.50170517,primary
CT,1989,26183,406,NA,no,no,yes,no,25407,36.57437897,primary
CT,1990,26303,385,0.589999974,no,no,yes,no,26453,36.77009583,primary
CT,1991,26628,310,0.610000014,yes,no,yes,no,26721,36.82064056,primary
CT,1992,26459,296,0.709999979,no,no,yes,no,28345,36.97710037,primary
CT,1993,27001,342,0.709999979,no,no,yes,no,29232,37.06562042,primary
CT,1994,27138,310,0.720000029,no,no,yes,no,30310,37.16059113,primary
CT,1995,28045,317,0.720000029,no,no,yes,no,32073,37.27995682,primary
CT,1996,28135,310,0.620000005,no,no,yes,no,33979,37.42756653,primary
CT,1997,28552,339,0.639999986,no,no,yes,no,35863,37.54727936,primary
DC,1983,3099,66,NA,no,no,no,no,15267,35.72385406,no
DC,1984,3214,64,NA,no,no,no,no,16620,35.83572769,no
DC,1985,3223,60,NA,no,no,no,no,17531,35.88742828,no
DC,1986,3287,44,NA,no,no,yes,no,18335,35.89140701,secondary
DC,1987,3368,53,NA,yes,no,yes,no,19566,35.97663879,secondary
DC,1988,3405,61,NA,yes,no,yes,no,21782,36.04153824,secondary
DC,1989,3414,72,NA,yes,no,yes,no,23438,36.11649704,secondary
DC,1990,3407,48,0.49000001,yes,no,yes,no,25646,36.91365433,secondary
DC,1991,3430,63,0.49000001,yes,no,yes,no,27028,36.86104965,secondary
DC,1992,3562,50,0.589999974,yes,no,yes,no,28597,37.04135132,secondary
DC,1993,3485,57,0.620000005,yes,no,yes,no,29912,37.23085785,secondary
DC,1994,3448,69,0.620000005,yes,no,yes,no,31212,37.42154312,secondary
DC,1995,3465,58,0.629999995,yes,no,yes,no,32398,37.65044785,secondary
DC,1996,3316,62,0.579999983,yes,no,yes,no,34213,38.06774902,secondary
DC,1997,3326,60,0.660000026,yes,no,yes,no,35704,38.37567139,secondary
DE,1983,4886,110,NA,no,no,yes,no,13159,34.22154617,no
DE,1984,5138,130,NA,no,no,yes,no,14291,34.42246628,no
DE,1985,5365,104,NA,no,no,yes,no,15451,34.56594086,no
DE,1986,5762,136,NA,no,no,yes,no,16257,34.70903015,no
DE,1987,6086,146,NA,yes,no,yes,no,17423,34.9120903,no
DE,1988,6404,160,NA,yes,no,yes,no,18878,35.06134796,no
DE,1989,6446,116,NA,yes,no,yes,no,20563,35.17412949,no
DE,1990,6548,138,0.449999988,yes,no,yes,no,21590,35.42388916,no
DE,1991,6721,102,0.540000021,yes,no,yes,no,22241,35.49124908,no
DE,1992,6892,140,0.699999988,yes,no,yes,no,23004,35.65156174,secondary
DE,1993,6895,110,0.629999995,yes,no,yes,no,23542,35.84437561,secondary
DE,1994,7025,112,0.589999974,yes,no,yes,no,24465,35.96849823,secondary
DE,1995,7515,121,0.629999995,yes,no,yes,no,25603,36.24026871,secondary
DE,1996,7666,116,0.620000005,yes,no,yes,no,27125,36.46009445,secondary
DE,1997,8007,143,0.589999974,yes,no,yes,no,28493,36.59891891,secondary
FL,1983,81776,2686,NA,no,no,no,no,12469,38.51541901,no
FL,1984,85475,2814,NA,no,no,no,no,13476,38.63661194,no
FL,1985,88056,2832,0.22299999,no,no,yes,no,14367,38.70985794,no
FL,1986,87273,2831,0.344500005,no,no,yes,no,15102,38.73518372,no
FL,1987,93819,2839,0.551500022,yes,no,yes,no,16001,38.80276108,secondary
FL,1988,105319,3078,0.470999986,yes,no,yes,no,17092,38.82339859,secondary
FL,1989,108877,2984,0.550000012,yes,no,yes,no,18405,38.87442398,secondary
FL,1990,109997,2891,0.529999971,yes,no,yes,no,19127,38.69661331,secondary
FL,1991,113483,2463,0.529500008,yes,no,yes,no,19451,38.76631165,secondary
FL,1992,114311,2427,0.557999969,yes,no,yes,no,19910,38.83504486,secondary
FL,1993,120467,2636,0.615999997,yes,no,yes,no,21080,38.86478043,secondary
FL,1994,121989,2687,0.601999998,yes,no,yes,yes,21761,38.92696762,secondary
FL,1995,127801,2805,0.589999974,yes,yes,yes,yes,22676,38.99817276,secondary
FL,1996,130004,2753,0.627000034,yes,yes,yes,yes,23834,39.10276794,secondary
FL,1997,134007,2785,0.600000024,yes,yes,yes,yes,24799,39.16958237,secondary
GA,1983,48837,1296,NA,no,no,no,no,10742,32.93328476,no
GA,1984,50486,1410,NA,no,no,no,no,12028,33.10338593,no
GA,1985,53713,1361,NA,no,no,no,no,12928,33.20223618,no
GA,1986,56833,1530,NA,no,no,yes,no,13768,33.30276871,no
GA,1987,60293,1599,0.197999999,no,no,yes,no,14562,33.43366241,no
GA,1988,62262,1654,0.277999997,yes,no,yes,no,15591,33.50747299,secondary
GA,1989,75705,1632,0.387999982,yes,no,yes,no,16466,33.58586502,secondary
GA,1990,72746,1562,0.416999996,yes,no,yes,no,17385,33.8595314,secondary
GA,1991,73005,1389,0.45599997,yes,no,yes,no,17930,33.96189117,secondary
GA,1992,77904,1315,0.460999995,yes,no,yes,no,18888,34.09487534,secondary
GA,1993,78426,1394,0.572000027,yes,no,yes,no,19668,34.17944336,secondary
GA,1994,82822,1425,0.529000044,yes,no,yes,no,20632,34.30394745,secondary
GA,1995,85384,1488,0.507000029,yes,yes,yes,no,21696,34.41507721,secondary
GA,1996,89132,1573,0.611000001,yes,yes,yes,no,22900,34.52568436,secondary
GA,1997,93317,1577,0.680000007,yes,yes,yes,yes,23882,34.63507843,secondary
HI,1983,5873,141,NA,no,no,no,no,13028,32.71693039,no
HI,1984,6505,138,NA,no,no,no,no,13740,32.93846512,no
HI,1985,6762,126,0.330000013,no,no,no,no,14494,33.16085815,no
HI,1986,6971,120,0.726000011,no,no,yes,no,15325,33.48085785,primary
HI,1987,7218,139,0.661000013,no,no,yes,no,16262,33.816185,primary
HI,1988,7419,148,0.665000021,no,no,yes,no,17815,34.10531235,primary
HI,1989,7750,149,0.783000052,no,no,yes,no,19395,34.37185669,primary
HI,1990,8066,177,0.805000007,no,no,yes,no,21529,34.87897491,primary
HI,1991,8143,135,0.853000045,no,no,yes,no,22171,34.97967529,primary
HI,1992,8066,129,0.83099997,no,no,yes,no,22906,35.17717361,primary
HI,1993,8074,134,0.841999948,no,no,yes,no,23638,35.34814453,primary
HI,1994,7935,122,0.824999988,no,no,yes,no,24090,35.52658081,primary
HI,1995,7945,130,0.799000025,no,no,yes,no,24848,35.7653923,primary
HI,1996,8030,148,0.800000012,no,no,yes,no,25086,36.07123947,primary
HI,1997,7947,131,0.800000012,no,no,yes,yes,25598,36.39650726,primary
IA,1983,19661,514,NA,no,no,no,no,11218,35.41376877,no
IA,1984,20497,420,NA,no,no,no,no,12460,35.60499954,no
IA,1985,20191,474,0.180000007,no,no,no,no,13042,35.81484604,no
IA,1986,20413,441,0.430000007,no,no,yes,no,13688,36.08493423,primary
IA,1987,20808,491,0.560000002,yes,no,yes,no,14511,36.37153244,primary
IA,1988,21907,557,0.550000012,yes,no,yes,no,14882,36.56856537,primary
IA,1989,22571,514,0.589999974,yes,no,yes,no,16058,36.66881943,primary
IA,1990,22993,465,0.610000014,yes,no,yes,no,16885,36.66960144,primary
IA,1991,23020,488,0.680000007,yes,no,yes,no,17304,36.6919632,primary
IA,1992,23926,437,0.709999979,yes,no,yes,no,18368,36.85264969,primary
IA,1993,25118,459,0.730000019,yes,no,yes,no,18461,36.9394455,primary
IA,1994,25737,478,0.730000019,yes,no,yes,no,19964,37.05332565,primary
IA,1995,25987,527,0.75999999,yes,no,yes,no,20412,37.20432281,primary
IA,1996,26880,465,0.75,yes,no,yes,no,22032,37.29957581,primary
IA,1997,27984,468,0.75,yes,no,yes,no,23120,37.37586594,primary
ID,1983,8287,263,NA,no,no,no,no,10122,32.17271423,no
ID,1984,7768,242,NA,no,no,no,no,10780,32.3633194,no
ID,1985,7710,255,0.234999999,no,no,no,no,11331,32.60077667,no
ID,1986,7781,258,0.270000011,no,no,no,no,11663,32.86223221,secondary
ID,1987,8119,260,0.319999993,yes,no,yes,no,12265,33.19096375,secondary
ID,1988,8127,257,0.340000004,yes,no,yes,no,13108,33.48856354,secondary
ID,1989,8422,238,0.330000013,yes,no,yes,no,14283,33.70093536,secondary
ID,1990,9849,244,0.349999994,yes,no,yes,no,15346,33.76304626,secondary
ID,1991,10318,264,0.460000008,yes,no,yes,no,15664,33.91727829,secondary
ID,1992,10764,243,0.529999971,yes,no,yes,no,16607,33.994133,secondary
ID,1993,11481,230,0.589999974,yes,no,yes,no,17699,34.04111481,secondary
ID,1994,11652,250,0.540000021,yes,no,yes,no,18186,34.06496048,secondary
ID,1995,12296,262,0.5,yes,yes,yes,no,18961,34.20653534,secondary
ID,1996,12961,258,0.5,yes,yes,yes,no,19741,34.35408401,secondary
ID,1997,12880,259,0.49000001,yes,yes,yes,yes,20392,34.50406265,secondary
IL,1983,67370,1526,NA,no,no,yes,no,13180,34.36076736,no
IL,1984,69910,1547,NA,no,no,yes,no,14547,34.46930313,no
IL,1985,70844,1534,0.158999994,no,no,yes,no,15322,34.60091782,no
IL,1986,74144,1596,0.362000018,no,no,yes,no,16106,34.71235657,secondary
IL,1987,75756,1654,0.372999996,yes,no,yes,no,17066,34.87645721,secondary
IL,1988,78483,1837,0.395000011,yes,no,yes,no,18212,35.0331192,secondary
IL,1989,81297,1748,0.400000006,yes,no,yes,no,19427,35.15080261,secondary
IL,1990,83334,1589,0.470999986,yes,no,yes,no,20494,35.42041397,secondary
IL,1991,85430,1448,0.504000008,yes,no,yes,no,20966,35.41954422,secondary
IL,1992,87642,1384,0.639999986,yes,no,yes,no,22209,35.51555252,secondary
IL,1993,89693,1392,0.670000017,yes,no,yes,no,22895,35.59360886,secondary
IL,1994,92316,1554,0.683000028,yes,no,yes,no,23956,35.62672806,secondary
IL,1995,94189,1586,0.686999977,yes,no,yes,no,25135,35.67132187,secondary
IL,1996,96730,1477,0.639999986,yes,no,yes,no,26393,35.72410965,secondary
IL,1997,99319,1397,0.64199996,yes,no,yes,yes,27688,35.7832222,secondary
IN,1983,39837,1016,NA,no,no,yes,no,11001,34.07998276,no
IN,1984,41074,925,NA,no,no,yes,no,12199,34.29331589,no
IN,1985,40782,974,NA,no,no,yes,no,12844,34.49176407,no
IN,1986,40780,1038,0.19600001,no,no,yes,no,13513,34.69554901,no
IN,1987,44122,1055,0.367000014,yes,no,yes,no,14324,34.89601517,secondary
IN,1988,51124,1099,0.440999985,yes,no,yes,no,15231,35.06287003,secondary
IN,1989,56192,971,0.460999995,yes,no,yes,no,16296,35.15726852,secondary
IN,1990,53697,1049,0.47299999,yes,no,yes,no,17167,35.4417038,secondary
IN,1991,54266,1022,0.519999981,yes,no,yes,no,17624,35.49770355,secondary
IN,1992,57072,901,0.560000002,yes,no,yes,no,18763,35.6531868,secondary
IN,1993,60461,901,0.560000002,yes,no,yes,no,19649,35.76839828,secondary
IN,1994,62108,971,0.560000002,yes,no,yes,no,20734,35.83475494,secondary
IN,1995,64552,960,0.639999986,yes,no,yes,no,21427,35.93618393,secondary
IN,1996,66220,984,0.620000005,yes,no,yes,no,22234,36.06284714,secondary
IN,1997,68620,935,0.629999995,yes,no,yes,no,23202,36.10934067,secondary
KS,1983,18153,411,NA,no,no,no,no,12273,34.97045135,no
KS,1984,18717,510,NA,no,no,no,no,13421,35.08153534,no
KS,1985,19275,486,0.098999999,no,no,yes,no,14121,35.14977264,no
KS,1986,19826,500,0.236000001,no,no,yes,no,14703,35.29528046,secondary
KS,1987,20561,491,0.422999978,yes,no,yes,no,15327,35.36159134,secondary
KS,1988,21161,483,0.481999993,yes,no,yes,no,16040,35.44693375,secondary
KS,1989,21913,428,0.519999981,yes,no,yes,no,16802,35.47808075,secondary
KS,1990,22849,444,0.578000009,yes,no,yes,no,17940,35.59708023,secondary
KS,1991,23186,409,0.63499999,yes,no,yes,no,18492,35.60046768,secondary
KS,1992,24163,387,0.703000009,yes,no,yes,no,19447,35.71392059,secondary
KS,1993,24115,428,0.699999988,yes,no,yes,yes,20048,35.79610062,secondary
KS,1994,24678,442,0.699999988,yes,no,yes,yes,20638,35.86905289,secondary
KS,1995,25153,442,0.540000021,yes,yes,yes,yes,21481,36.01546478,secondary
KS,1996,25942,490,0.540000021,yes,yes,yes,yes,22707,36.13587952,secondary
KS,1997,26524,482,0.560000002,yes,yes,yes,yes,23972,36.16293335,secondary
KY,1983,26719,778,0.059999999,no,no,yes,no,9696,34.01682281,no
KY,1984,27951,754,0.07,no,no,yes,no,10838,34.19585419,no
KY,1985,28520,712,0.090000004,no,no,yes,no,11278,34.39881134,no
KY,1986,29252,805,0.129999995,no,no,yes,no,11715,34.62643814,no
KY,1987,30320,844,0.209999993,yes,no,yes,no,12441,34.87771225,no
KY,1988,31614,838,NA,yes,no,yes,no,13187,35.12829971,no
KY,1989,32165,772,0.25999999,yes,no,yes,no,14204,35.33683777,no
KY,1990,33639,849,0.319999993,yes,no,yes,no,15085,35.59313965,no
KY,1991,35213,826,0.389999986,yes,no,yes,no,15719,35.6681633,no
KY,1992,38062,815,0.409999996,yes,no,yes,no,16677,35.79183197,no
KY,1993,39598,871,0.419999987,yes,no,yes,no,17207,35.91676331,no
KY,1994,39822,778,0.579999983,yes,no,yes,no,17872,35.99732971,secondary
KY,1995,41095,849,0.540000021,yes,no,yes,no,18601,36.15644836,secondary
KY,1996,42586,842,0.550000012,yes,no,yes,no,19475,36.31981277,secondary
KY,1997,44762,857,0.540000021,yes,no,yes,no,20570,36.36816788,secondary
LA,1983,27573,933,NA,no,no,no,no,10724,32.13996124,no
LA,1984,31588,961,NA,no,no,no,no,11421,32.27105331,no
LA,1985,33365,931,NA,no,no,no,no,11876,32.40501022,no
LA,1986,29861,932,0.119999997,no,no,no,no,11802,32.64546204,no
LA,1987,30599,826,0.349999994,yes,no,yes,no,12010,32.88427353,secondary
LA,1988,34682,925,0.360000014,yes,no,yes,no,12829,33.09140778,secondary
LA,1989,37914,878,0.409999996,yes,no,yes,no,13620,33.34372711,secondary
LA,1990,37667,959,0.430000007,yes,no,yes,no,14773,33.88932037,secondary
LA,1991,34710,862,0.419999987,yes,no,yes,no,15593,33.91446304,secondary
LA,1992,33853,886,0.5,yes,no,yes,no,16381,34.04680634,secondary
LA,1993,36351,878,0.479999989,yes,no,yes,no,17133,34.21113586,secondary
LA,1994,37430,843,0.5,yes,no,yes,no,18086,34.33135986,secondary
LA,1995,38647,894,0.589999974,yes,no,yes,no,18826,34.4989357,secondary
LA,1996,38095,902,0.629999995,yes,no,yes,no,19609,34.71261978,secondary
LA,1997,38840,931,0.670000017,yes,no,yes,no,20458,34.90412903,secondary
MA,1983,37541,651,NA,no,no,no,no,14009,35.90611267,no
MA,1984,38540,666,NA,no,no,no,no,15703,36.01557922,no
MA,1985,39696,742,0.200000003,no,no,yes,no,16842,36.08628082,no
MA,1986,40745,752,0.349999994,no,no,yes,no,18100,36.1364212,no
MA,1987,42305,689,0.25999999,no,no,yes,no,19600,36.20314789,no
MA,1988,43334,725,NA,no,no,yes,no,21417,36.25172424,no
MA,1989,46214,696,0.289999992,no,no,yes,no,22634,36.26585007,no
MA,1990,46130,605,0.300000012,no,no,yes,no,23210,36.4620285,no
MA,1991,46537,552,0.360000014,yes,no,yes,no,23590,36.54250336,no
MA,1992,47348,485,0.340000004,yes,no,yes,no,24538,36.73239517,no
MA,1993,46684,475,0.340000004,yes,no,yes,no,25333,36.84069443,no
MA,1994,46990,440,0.519999981,yes,no,yes,no,26433,36.95366287,secondary
MA,1995,48053,444,0.529999971,yes,no,yes,no,28097,37.0994873,secondary
MA,1996,49956,416,0.540000021,yes,no,yes,no,29591,37.25540543,secondary
MA,1997,50468,441,0.529999971,yes,no,yes,no,31239,37.38256073,secondary
MD,1983,30618,656,NA,no,no,yes,no,13852,34.26184464,no
MD,1984,31702,643,NA,no,no,yes,no,15279,34.40426636,no
MD,1985,33337,729,0.180000007,no,no,yes,no,16454,34.54468918,no
MD,1986,35208,784,0.550000012,no,no,yes,no,17461,34.63835526,secondary
MD,1987,36493,814,0.560000002,yes,no,yes,no,18665,34.72747803,secondary
MD,1988,37498,781,0.569999993,yes,no,yes,no,20079,34.75935745,secondary
MD,1989,38922,726,0.620000005,yes,no,yes,no,21469,34.82172394,secondary
MD,1990,40536,707,0.649999976,yes,no,yes,no,22482,35.06430054,secondary
MD,1991,41349,694,0.670000017,yes,no,yes,no,22877,35.12738037,secondary
MD,1992,41896,659,0.670000017,yes,no,yes,no,23548,35.29244995,secondary
MD,1993,43311,666,0.699999988,yes,no,yes,no,24283,35.40979767,secondary
MD,1994,44165,651,0.699999988,yes,no,yes,no,25329,35.55339813,secondary
MD,1995,44882,671,0.699999988,yes,no,yes,no,26141,35.67638779,secondary
MD,1996,46187,608,0.699999988,yes,no,yes,no,27298,35.89208603,secondary
MD,1997,46609,611,0.709999979,yes,no,yes,no,28674,35.99752426,secondary
ME,1983,7924,224,NA,no,no,no,no,10431,35.13854599,no
ME,1984,9345,232,NA,no,no,no,no,11500,35.31762695,no
ME,1985,9277,206,NA,no,no,yes,no,12301,35.45526505,no
ME,1986,10022,214,NA,no,no,yes,no,13272,35.58822632,no
ME,1987,10766,232,NA,yes,no,yes,no,14392,35.73558426,no
ME,1988,11401,256,NA,yes,no,yes,yes,15537,35.83998871,no
ME,1989,11739,194,NA,yes,no,yes,yes,16618,35.93143463,no
ME,1990,11871,213,0.349999994,yes,no,yes,yes,17159,36.07067108,no
ME,1991,11849,205,0.360000014,yes,no,yes,yes,17300,36.1796875,no
ME,1992,12151,214,0.360000014,yes,no,yes,yes,18008,36.43003082,no
ME,1993,12182,185,0.360000014,yes,no,yes,yes,18463,36.62062836,no
ME,1994,12469,188,0.360000014,yes,no,yes,yes,19190,36.82917023,no
ME,1995,12589,187,0.5,yes,no,yes,yes,19995,37.07215881,no
ME,1996,12819,169,0.5,yes,no,yes,yes,20948,37.31929398,secondary
ME,1997,13245,192,0.610000014,yes,no,yes,yes,21937,37.59043503,secondary
MI,1983,60855,1314,NA,no,no,yes,no,12143,33.73694992,no
MI,1984,63470,1531,0.194999993,no,no,yes,no,13460,33.97589111,no
MI,1985,67402,1545,0.25999999,no,no,yes,no,14540,34.16784668,no
MI,1986,71981,1605,0.463,no,no,yes,no,15338,34.33911133,secondary
MI,1987,75706,1602,0.46450001,yes,no,yes,no,15899,34.51496124,secondary
MI,1988,77899,1708,0.479999989,yes,no,yes,no,16950,34.65726089,secondary
MI,1989,79890,1639,0.467000008,yes,no,yes,no,17987,34.77060318,secondary
MI,1990,81091,1571,0.51700002,yes,no,yes,no,18699,34.96533203,secondary
MI,1991,81935,1421,0.639999986,yes,no,yes,no,19022,35.04848862,secondary
MI,1992,84219,1300,0.55400002,yes,no,yes,no,19861,35.2481041,secondary
MI,1993,85686,1414,0.639999986,yes,no,yes,no,20939,35.38850403,secondary
MI,1994,85183,1421,0.635999978,yes,no,yes,no,22338,35.55833817,secondary
MI,1995,85703,1530,0.655999959,yes,no,yes,no,23407,35.70993042,secondary
MI,1996,90215,1505,0.671999991,yes,no,yes,no,23996,35.87500381,secondary
MI,1997,91755,1446,0.680999994,yes,no,yes,no,24956,35.99913406,secondary
MN,1983,31063,555,NA,no,no,no,no,12310,34.21224976,no
MN,1984,31826,582,NA,no,no,no,no,13975,34.37518692,no
MN,1985,32688,608,0.200000003,no,no,no,no,14756,34.49310684,no
MN,1986,33806,571,0.330000013,no,no,yes,no,15526,34.62694168,secondary
MN,1987,35167,530,0.319999993,yes,no,yes,no,16479,34.76574326,secondary
MN,1988,36447,612,0.469999999,yes,no,yes,no,17115,34.83434296,secondary
MN,1989,37393,604,0.439999998,yes,no,yes,no,18404,34.89287567,secondary
MN,1990,38946,566,0.469999999,yes,no,yes,no,19348,35.001297,secondary
MN,1991,39254,531,0.529999971,yes,no,yes,no,19845,35.07299805,secondary
MN,1992,41162,581,0.50999999,yes,no,yes,no,21126,35.17263794,secondary
MN,1993,42214,538,0.550000012,yes,no,yes,no,21488,35.28432083,secondary
MN,1994,43317,646,0.569999993,yes,no,yes,no,22802,35.40265274,secondary
MN,1995,44072,597,0.649999976,yes,no,yes,no,23736,35.54664993,secondary
MN,1996,44465,576,0.639999986,yes,no,yes,no,25235,35.68920898,secondary
MN,1997,48350,600,0.649999976,yes,no,yes,no,26243,35.77662277,secondary
MO,1983,36543,911,NA,no,no,yes,no,11647,35.47117233,no
MO,1984,38535,967,NA,no,no,yes,no,12860,35.54534531,no
MO,1985,39284,931,NA,no,no,yes,no,13737,35.62744522,no
MO,1986,41571,1129,NA,no,no,yes,no,14383,35.72843552,secondary
MO,1987,43379,1045,NA,yes,no,yes,no,15084,35.8514595,secondary
MO,1988,45573,1103,NA,yes,no,yes,no,15909,35.95019913,secondary
MO,1989,48087,1052,NA,yes,no,yes,no,16961,36.05951309,secondary
MO,1990,50883,1097,0.540000021,yes,no,yes,no,17639,36.20201492,secondary
MO,1991,40982,1011,0.540000021,yes,no,yes,no,18305,36.21760559,secondary
MO,1992,53254,985,0.699999988,yes,no,yes,no,19120,36.301754,secondary
MO,1993,54821,947,0.699999988,yes,no,yes,no,19632,36.35516739,secondary
MO,1994,57288,1089,0.680000007,yes,no,yes,no,20576,36.43617249,secondary
MO,1995,59347,1109,0.709999979,yes,yes,yes,no,21540,36.49969482,secondary
MO,1996,61162,1147,0.620000005,yes,yes,yes,no,22586,36.53993225,secondary
MO,1997,62980,1192,0.620000005,yes,yes,yes,no,23629,36.59480286,secondary
MS,1983,17802,715,NA,no,no,no,no,8372,32.99811554,no
MS,1984,18442,679,NA,no,no,no,no,9122,33.11408997,no
MS,1985,19130,662,NA,no,no,no,no,9545,33.22182083,no
MS,1986,19226,771,NA,no,no,yes,no,9898,33.39318848,no
MS,1987,20173,756,NA,yes,no,yes,no,10484,33.64208221,no
MS,1988,22043,722,NA,yes,no,yes,no,11236,33.88824081,no
MS,1989,22895,727,NA,yes,no,yes,no,11996,34.10622025,no
MS,1990,24398,750,0.230000004,yes,no,yes,no,12706,34.45668793,secondary
MS,1991,24897,714,0.319999993,yes,no,yes,no,13376,34.47629166,secondary
MS,1992,26239,766,0.239999995,yes,no,yes,no,14163,34.51760483,secondary
MS,1993,26864,813,0.25,yes,no,yes,no,14900,34.59160233,secondary
MS,1994,28548,791,0.432999998,yes,no,yes,no,15886,34.66539383,secondary
MS,1995,29559,868,0.460000008,yes,yes,yes,no,16574,34.80508423,secondary
MS,1996,30562,811,0.459900022,yes,yes,yes,no,17398,34.96229553,secondary
MS,1997,31519,861,0.482299984,yes,yes,yes,no,18098,35.07287979,secondary
MT,1983,7181,286,NA,no,no,no,no,10654,33.70046234,no
MT,1984,7386,238,0.167999998,no,no,no,no,11252,33.84919357,no
MT,1985,7572,223,0.217000008,no,no,no,no,11486,34.01177979,no
MT,1986,7737,222,0.294999987,no,no,no,no,12120,34.32669449,no
MT,1987,8074,234,0.396500021,yes,no,yes,no,12619,34.65987778,no
MT,1988,8138,198,0.594500005,yes,no,yes,no,12954,35.00441742,secondary
MT,1989,8250,181,0.617999971,yes,no,yes,no,14193,35.28573227,secondary
MT,1990,8332,212,0.625999987,yes,no,yes,no,15038,35.4671402,secondary
MT,1991,8314,200,0.644499958,yes,no,yes,no,15947,35.60186005,secondary
MT,1992,8525,192,0.680299997,yes,no,yes,no,16541,35.67782211,secondary
MT,1993,8707,195,0.691999972,yes,no,yes,no,17571,35.78073502,secondary
MT,1994,9116,202,0.695800006,yes,no,yes,no,17590,35.96218872,secondary
MT,1995,9399,215,0.700800002,yes,no,yes,no,18286,36.24868774,secondary
MT,1996,9446,200,0.708000004,yes,no,yes,no,18872,36.53780365,secondary
MT,1997,9392,265,0.725500047,yes,no,yes,no,19660,36.82976913,secondary
NC,1983,45038,1234,NA,no,no,no,no,10172,34.21530533,no
NC,1984,48182,1450,NA,no,no,no,no,11363,34.44893646,no
NC,1985,49923,1482,0.25999999,no,no,no,no,12136,34.63479996,no
NC,1986,52866,1647,0.419999987,no,no,yes,no,12900,34.81872559,primary
NC,1987,54600,1584,0.779999971,yes,no,yes,no,13717,35.01980209,primary
NC,1988,57943,1573,0.629999995,yes,no,yes,no,14810,35.18054199,primary
NC,1989,60877,1471,0.610000014,yes,no,yes,no,15827,35.32870865,primary
NC,1990,62707,1385,0.579999983,yes,no,yes,no,16649,35.51916885,primary
NC,1991,64883,1369,0.610000014,yes,no,yes,no,17115,35.63745117,primary
NC,1992,67538,1265,0.620000005,yes,no,yes,no,18230,35.76171112,primary
NC,1993,69493,1389,0.629999995,yes,no,yes,yes,19137,35.87254333,primary
NC,1994,71928,1431,0.790000021,yes,no,yes,yes,19920,35.97425079,primary
NC,1995,76053,1448,0.800000012,yes,no,yes,yes,20996,36.09945297,primary
NC,1996,78935,1494,0.800000012,yes,no,yes,yes,22053,36.20905685,primary
NC,1997,81893,1483,0.850000024,yes,no,yes,yes,23168,36.27514267,primary
ND,1983,5363,116,NA,no,no,yes,no,11100,33.74757004,no
ND,1984,5377,100,NA,no,no,yes,no,11871,33.84547424,no
ND,1985,5387,90,NA,no,no,yes,no,12314,34.03305054,no
ND,1986,5632,100,NA,no,no,yes,no,12625,34.29162216,no
ND,1987,5681,101,NA,yes,no,yes,no,13037,34.55361557,no
ND,1988,5765,104,NA,yes,no,yes,no,12142,34.89032364,no
ND,1989,5849,81,NA,yes,no,yes,no,13669,35.17760086,secondary
ND,1990,5910,112,0.280000001,yes,no,yes,no,15264,35.62972641,no
ND,1991,5951,94,0.300000012,yes,no,yes,no,15479,35.69639206,no
ND,1992,6072,88,0.300000012,yes,no,yes,no,16866,35.86979294,no
ND,1993,6158,89,0.300000012,yes,no,yes,no,17040,36.00231171,no
ND,1994,6338,88,0.319999993,yes,no,yes,no,18156,36.14896011,no
ND,1995,6545,74,0.419999987,yes,no,yes,no,18149,36.34025955,secondary
ND,1996,6741,85,0.430000007,yes,no,yes,no,20197,36.55766678,secondary
ND,1997,7123,105,0.49000001,yes,no,yes,no,20103,36.71871185,secondary
NE,1983,11534,255,0.109999999,no,no,no,no,11401,34.85775757,no
NE,1984,11968,285,0.150000006,no,no,no,no,12658,34.96073151,no
NE,1985,12054,237,0.449999988,no,no,yes,no,13392,35.07483673,no
NE,1986,12630,290,0.379999995,no,no,yes,no,13875,35.23400879,no
NE,1987,13091,297,0.289999992,yes,no,yes,no,14634,35.41464996,no
NE,1988,13407,261,0.310000002,yes,no,yes,no,15511,35.54836273,no
NE,1989,13781,296,0.319999993,yes,no,yes,no,16371,35.62091827,no
NE,1990,13958,262,0.330000013,yes,no,yes,no,17536,35.68227386,no
NE,1991,14095,275,0.319999993,yes,no,yes,no,18012,35.69535446,no
NE,1992,14621,269,0.330000013,yes,no,yes,no,19157,35.82565308,no
NE,1993,14777,254,0.540000021,yes,no,yes,no,19714,35.90143204,secondary
NE,1994,15466,271,0.629999995,yes,no,yes,no,20365,35.97546387,secondary
NE,1995,15807,254,0.639999986,yes,yes,yes,no,21029,36.08698273,secondary
NE,1996,16238,293,0.649999976,yes,yes,yes,no,22847,36.17398071,secondary
NE,1997,17077,302,0.629999995,yes,yes,yes,no,23618,36.22448349,secondary
NH,1983,7181,191,NA,no,no,no,no,13011,34.50314331,no
NH,1984,7294,192,NA,no,no,no,no,14518,34.63434601,no
NH,1985,7538,191,NA,no,no,yes,no,15842,34.74155807,no
NH,1986,7913,172,0.262999982,no,no,yes,no,17033,34.74733734,no
NH,1987,9167,179,0.273400009,yes,no,yes,no,18362,34.79731369,no
NH,1988,9507,166,0.371600002,yes,no,yes,no,19733,34.74615479,no
NH,1989,9819,187,0.504700005,yes,no,yes,no,20559,34.73482895,no
NH,1990,9844,158,0.517400026,yes,no,yes,no,20728,34.96724319,no
NH,1991,9935,144,0.485999972,yes,no,yes,no,21390,35.07247925,no
NH,1992,10067,122,0.497000009,yes,no,yes,no,22234,35.24674988,no
NH,1993,10342,121,0.505699992,yes,no,yes,no,22710,35.41042709,no
NH,1994,10501,119,0.537,yes,no,yes,yes,24119,35.56836319,no
NH,1995,10643,118,0.570299983,yes,no,yes,yes,25313,35.77236938,no
NH,1996,10987,134,0.560299993,yes,no,yes,yes,26418,35.97537994,no
NH,1997,11202,125,0.577000022,yes,no,yes,yes,27766,36.1307869,no
NJ,1983,52217,932,NA,no,no,yes,no,15080,35.9706459,no
NJ,1984,52312,922,0.180000007,no,no,yes,no,16680,36.09489059,no
NJ,1985,53108,964,0.400000006,no,no,yes,no,17807,36.21273804,secondary
NJ,1986,55350,1039,0.352999985,no,no,yes,no,18900,36.28624344,secondary
NJ,1987,57071,1023,0.350999981,no,no,yes,no,20391,36.37606812,secondary
NJ,1988,58725,1051,0.414000005,no,no,yes,no,22302,36.43306351,secondary
NJ,1989,59898,891,0.440999985,no,no,yes,no,23751,36.48287964,secondary
NJ,1990,58923,886,0.504000008,no,no,yes,no,24883,36.63530731,secondary
NJ,1991,59289,783,0.525999963,no,no,yes,no,25328,36.66513443,secondary
NJ,1992,59410,763,0.713000059,no,no,yes,no,26749,36.75086594,secondary
NJ,1993,59726,789,0.64199996,no,no,yes,no,27457,36.79402924,secondary
NJ,1994,60466,761,0.610000014,no,no,yes,no,28333,36.82069778,secondary
NJ,1995,61012,774,0.606999993,no,no,yes,no,29568,36.8855896,secondary
NJ,1996,62334,814,0.602999985,no,no,yes,no,30892,36.99505234,secondary
NJ,1997,63308,775,0.620000005,no,no,yes,no,32356,37.10776901,secondary
NM,1983,11678,531,NA,no,no,yes,no,10072,31.99305725,no
NM,1984,12432,497,NA,no,no,yes,no,10861,32.15180588,no
NM,1985,13269,535,NA,no,no,yes,no,11592,32.35085297,no
NM,1986,13171,499,NA,no,no,yes,no,11820,32.55931854,primary
NM,1987,15116,568,NA,yes,no,yes,no,12257,32.77510452,primary
NM,1988,15283,487,NA,yes,no,yes,no,12865,32.95023346,primary
NM,1989,15839,538,NA,yes,no,yes,no,13619,33.18146896,primary
NM,1990,16148,499,0.589999974,yes,no,yes,no,14480,33.48713303,primary
NM,1991,16773,469,0.670000017,yes,no,yes,no,15069,33.59814453,primary
NM,1992,18452,460,0.660000026,yes,no,yes,no,15762,33.74028778,primary
NM,1993,18945,431,0.75,yes,no,yes,no,16559,33.79537582,primary
NM,1994,20480,447,0.790000021,yes,no,yes,yes,17150,33.95294189,primary
NM,1995,21147,485,0.860000014,yes,yes,yes,yes,18029,34.13265991,primary
NM,1996,21510,485,0.850000024,yes,yes,yes,yes,18634,34.37304688,primary
NM,1997,21937,484,0.870000005,yes,yes,yes,yes,19298,34.53826141,primary
NV,1983,6872,253,NA,no,no,yes,no,13151,33.61051178,no
NV,1984,7332,249,NA,no,no,yes,no,14100,33.93558502,no
NV,1985,7566,259,NA,no,no,yes,no,14920,34.16250229,no
NV,1986,7986,233,0.207999989,no,no,yes,no,15635,34.38750076,no
NV,1987,8396,262,0.344000012,yes,no,yes,no,16422,34.55043793,secondary
NV,1988,8989,286,0.31400001,yes,no,yes,no,17688,34.64849091,secondary
NV,1989,9408,308,NA,yes,no,yes,no,19084,34.82478714,secondary
NV,1990,10215,343,0.379999995,yes,no,yes,no,20209,34.82133102,secondary
NV,1991,10510,298,0.638000011,yes,no,yes,no,20596,35.12126541,secondary
NV,1992,10897,254,0.633000016,yes,no,yes,no,21730,35.39176559,secondary
NV,1993,11624,263,0.699000001,yes,no,yes,no,22388,35.46873856,secondary
NV,1994,13019,294,0.706999958,yes,no,yes,no,23391,35.54737091,secondary
NV,1995,13974,313,0.709999979,yes,yes,yes,no,24541,35.65464401,secondary
NV,1996,14158,348,0.700999975,yes,yes,yes,no,25877,35.71118927,secondary
NV,1997,16309,347,0.700999975,yes,yes,yes,no,26514,35.72541809,secondary
NY,1983,83783,2077,NA,no,no,no,no,14038,35.73841476,no
NY,1984,87268,2060,0.159999996,no,no,no,no,15615,35.81261063,no
NY,1985,90518,2006,0.514999986,no,no,yes,no,16613,35.88108826,primary
NY,1986,94716,2121,0.479999989,no,no,yes,no,17709,35.95085144,primary
NY,1987,98002,2339,0.639999986,no,no,yes,no,18871,36.03765869,primary
NY,1988,103692,2256,0.589999974,no,no,yes,no,20433,36.07807922,primary
NY,1989,106059,2260,0.600000024,no,no,yes,no,21820,36.1101799,primary
NY,1990,106902,2217,0.629999995,no,no,yes,no,23106,36.26568604,primary
NY,1991,107661,2008,0.670000017,no,no,yes,no,23600,36.23966599,primary
NY,1992,109881,1815,0.689999998,no,no,yes,no,24801,36.30255508,primary
NY,1993,112240,1790,0.720000029,no,no,yes,no,25373,36.35571289,primary
NY,1994,112970,1678,0.720000029,no,no,yes,no,26242,36.41601181,primary
NY,1995,115091,1679,0.720000029,yes,no,yes,no,27587,36.52502823,primary
NY,1996,118641,1592,0.74000001,yes,no,yes,no,29015,36.64091492,primary
NY,1997,120778,1652,0.74000001,yes,no,yes,no,30250,36.7865181,primary
OH,1983,73214,1582,0.129999995,no,no,no,no,11850,34.55674362,no
OH,1984,74895,1646,0.150000006,no,no,no,no,13077,34.71690369,no
OH,1985,75549,1646,0.189999998,no,no,no,no,13843,34.8936348,no
OH,1986,81348,1673,0.49000001,no,no,no,no,14458,35.07521057,secondary
OH,1987,79157,1772,0.409999996,yes,no,yes,no,15156,35.26473236,secondary
OH,1988,81990,1748,0.389999986,yes,no,yes,no,16187,35.40692902,secondary
OH,1989,84418,1772,0.430000007,yes,no,yes,no,17203,35.52404404,secondary
OH,1990,86972,1638,0.465000004,yes,no,yes,no,18116,35.78138351,secondary
OH,1991,93002,1636,0.529999971,yes,no,yes,no,18589,35.83455658,secondary
OH,1992,95221,1439,0.579999983,yes,no,yes,no,19482,35.96465302,secondary
OH,1993,96992,1478,0.616999984,yes,no,yes,no,20228,36.09630585,secondary
OH,1994,98200,1370,0.620999992,yes,no,yes,no,21237,36.20414352,secondary
OH,1995,100788,1360,0.627000034,yes,no,yes,no,22217,36.35730743,secondary
OH,1996,103090,1391,0.624000013,yes,no,yes,no,23054,36.49837875,secondary
OH,1997,103675,1440,0.65199995,yes,no,yes,no,24163,36.5847435,secondary
OK,1983,29565,848,NA,no,no,yes,no,11517,34.35066986,no
OK,1984,30981,797,NA,no,no,yes,no,12378,34.44985962,no
OK,1985,31181,744,NA,no,no,yes,no,12894,34.57436371,no
OK,1986,30833,698,0.160999998,no,no,yes,no,12918,34.76660538,no
OK,1987,31606,597,0.351500005,yes,no,yes,no,13068,34.95861816,secondary
OK,1988,32388,638,0.319999993,yes,no,yes,no,13833,35.21892548,secondary
OK,1989,32836,648,0.305000007,yes,no,yes,no,14691,35.50052261,secondary
OK,1990,33081,641,0.335999995,yes,no,yes,no,15613,35.69559097,secondary
OK,1991,34240,652,0.370000005,yes,no,yes,no,16100,35.74193573,secondary
OK,1992,35119,613,0.442000002,yes,no,yes,no,16832,35.83285141,secondary
OK,1993,35529,671,0.465999991,yes,no,yes,no,17419,35.91765594,secondary
OK,1994,36980,687,0.449999988,yes,no,yes,no,17984,36.00317383,secondary
OK,1995,38489,669,0.464000016,yes,yes,yes,no,18544,36.1152916,secondary
OK,1996,39427,772,0.474999994,yes,yes,yes,no,19342,36.25350571,secondary
OK,1997,41400,838,0.474000007,yes,yes,yes,no,20305,36.35048676,secondary
OR,1983,20557,550,NA,no,no,yes,yes,11451,34.81084824,no
OR,1984,20943,572,NA,no,no,yes,yes,12409,35.05971909,no
OR,1985,21458,559,NA,no,no,yes,yes,13065,35.29336166,no
OR,1986,22741,619,NA,no,no,yes,yes,13657,35.54236984,no
OR,1987,23332,619,NA,yes,no,yes,yes,14282,35.80246735,no
OR,1988,25204,677,0.469999999,yes,no,yes,yes,15313,36.00640869,primary
OR,1989,25820,626,0.479999989,yes,no,yes,yes,16387,36.11449051,no
OR,1990,26738,579,0.5,yes,no,yes,yes,17423,35.9910965,no
OR,1991,25762,482,0.699999988,yes,no,yes,yes,17895,36.12591171,primary
OR,1992,27926,471,0.75,yes,no,yes,yes,18678,36.27373123,primary
OR,1993,28352,523,0.800000012,yes,no,yes,yes,19518,36.45624161,primary
OR,1994,29453,494,0.810000002,yes,no,yes,yes,20508,36.57106781,primary
OR,1995,30034,574,0.829999983,yes,no,yes,yes,21618,36.69959641,primary
OR,1996,30319,526,0.829999983,yes,no,yes,yes,22894,36.85195541,primary
OR,1997,32268,524,0.850000024,yes,no,yes,yes,23920,36.93308258,primary
PA,1983,72302,1721,NA,no,no,yes,no,12199,36.46725845,no
PA,1984,74297,1727,NA,no,no,yes,no,13200,36.64322662,no
PA,1985,75428,1771,NA,no,no,yes,no,14104,36.82593918,no
PA,1986,77636,1894,NA,no,no,yes,no,14845,36.94430542,no
PA,1987,78626,1987,NA,no,no,yes,no,15765,37.09252548,no
PA,1988,81238,1931,NA,no,no,yes,no,16927,37.20209503,secondary
PA,1989,83855,1877,0.495000005,no,no,yes,no,18264,37.30454636,secondary
PA,1990,85708,1646,0.530999959,no,no,yes,no,19371,37.40252686,secondary
PA,1991,87282,1661,0.604000032,no,no,yes,no,19975,37.44605637,secondary
PA,1992,89200,1545,0.629999995,no,no,yes,no,20950,37.55550385,secondary
PA,1993,90706,1529,0.675000012,no,no,yes,no,21635,37.65277481,secondary
PA,1994,92347,1441,0.709999979,no,no,yes,no,22343,37.75250244,secondary
PA,1995,94520,1480,0.709999979,yes,no,yes,no,23268,37.89828873,secondary
PA,1996,96646,1469,0.649999976,yes,no,yes,no,24533,38.07518387,secondary
PA,1997,98015,1557,0.646999955,yes,no,yes,no,25670,38.19384766,secondary
RI,1983,6014,100,NA,no,no,no,no,12293,36.44820023,no
RI,1984,5300,79,NA,no,no,yes,no,13540,36.5831871,no
RI,1985,5823,109,NA,no,no,yes,no,14403,36.65830612,no
RI,1986,5429,124,NA,no,no,yes,no,15331,36.71141052,no
RI,1987,6003,113,NA,no,no,yes,no,16412,36.73763275,no
RI,1988,5853,125,NA,no,no,yes,no,17900,36.77792358,no
RI,1989,6740,100,NA,no,no,yes,no,19184,36.83856583,no
RI,1990,7024,84,0.289999992,no,no,yes,no,19698,36.97349167,no
RI,1991,7152,88,0.280000001,no,no,yes,no,19982,36.97094345,no
RI,1992,7676,79,0.319999993,no,no,yes,no,20819,37.09748077,secondary
RI,1993,7227,74,0.319999993,no,no,yes,no,21735,37.14617538,secondary
RI,1994,7095,63,0.579999983,no,no,yes,no,22315,37.28884125,secondary
RI,1995,6896,69,0.579999983,yes,no,yes,no,23520,37.45344543,secondary
RI,1996,7120,69,0.579999983,yes,no,yes,no,24356,37.66213226,secondary
RI,1997,7071,75,0.579999983,yes,no,yes,no,25667,37.73575592,secondary
SC,1983,24977,844,NA,no,no,no,no,9517,32.9519043,no
SC,1984,25971,916,NA,no,no,no,no,10518,33.17355728,no
SC,1985,26677,951,0.128000006,no,no,no,no,11206,33.42840958,no
SC,1986,28250,1059,NA,no,no,yes,no,11774,33.60271835,no
SC,1987,30224,1086,NA,yes,no,yes,no,12522,33.84249115,no
SC,1988,31759,1031,NA,yes,no,yes,no,13468,34.04273224,no
SC,1989,32780,996,NA,yes,no,yes,no,14180,34.21725464,no
SC,1990,34376,979,0.49000001,yes,no,yes,no,15427,34.60175323,secondary
SC,1991,34456,890,0.495000005,yes,no,yes,no,15710,34.72510529,secondary
SC,1992,35049,807,0.540000021,yes,no,yes,no,16410,34.94806671,secondary
SC,1993,36125,846,0.587000012,yes,no,yes,no,17091,35.17385101,secondary
SC,1994,37245,847,0.639999986,yes,no,yes,no,17914,35.38048553,secondary
SC,1995,38724,881,0.639999986,yes,no,yes,no,18789,35.64163589,secondary
SC,1996,39756,930,0.610000014,yes,no,yes,no,19651,35.86225128,secondary
SC,1997,41333,903,0.610000014,yes,no,yes,no,20508,36.06740189,secondary
SD,1983,6317,175,NA,no,no,no,no,9782,34.54646683,no
SD,1984,6401,143,NA,no,no,no,no,11117,34.63225555,no
SD,1985,6277,130,NA,no,no,no,no,11440,34.74251938,no
SD,1986,6238,134,NA,no,no,no,no,12012,34.88389206,no
SD,1987,6209,134,NA,yes,no,yes,no,12683,35.06383514,no
SD,1988,6634,147,NA,yes,no,yes,no,13183,35.2175293,no
SD,1989,6704,152,0.25999999,yes,no,yes,no,14038,35.35496902,no
SD,1990,6989,153,0.25999999,yes,no,yes,no,15488,35.47572327,no
SD,1991,6711,143,0.330000013,yes,no,yes,no,16014,35.4912529,no
SD,1992,7218,161,0.419999987,yes,no,yes,no,17055,35.45701599,no
SD,1993,7413,140,0.25999999,yes,no,yes,no,17600,35.54105377,no
SD,1994,7631,154,0.400000006,yes,no,yes,no,18568,35.67390823,no
SD,1995,7669,158,0.400000006,yes,yes,yes,no,18724,35.82715225,secondary
SD,1996,7817,175,0.469999999,yes,yes,yes,no,20450,36.04701996,secondary
SD,1997,7938,148,0.589999974,yes,yes,yes,no,21076,36.14574814,secondary
TN,1983,36261,1037,NA,no,no,no,no,10005,34.6253891,no
TN,1984,36523,1095,NA,no,no,yes,no,11123,34.8205986,no
TN,1985,36258,1101,NA,no,no,yes,no,11872,35.03939056,no
TN,1986,39521,1230,NA,no,no,yes,no,12624,35.22371292,secondary
TN,1987,42126,1247,NA,yes,no,yes,no,13483,35.41707611,secondary
TN,1988,44193,1266,NA,yes,no,yes,no,14482,35.51794052,secondary
TN,1989,45639,1088,NA,yes,no,yes,no,15438,35.65180588,secondary
TN,1990,46710,1177,0.430000007,yes,no,yes,no,16309,35.85264587,secondary
TN,1991,47267,1113,0.50999999,yes,no,yes,no,16976,35.93280792,secondary
TN,1992,49994,1153,0.579999983,yes,no,yes,no,18256,36.03310394,secondary
TN,1993,52112,1170,0.583700001,yes,no,yes,no,19139,36.10372925,secondary
TN,1994,54524,1214,0.600899994,yes,no,yes,no,20088,36.17985535,secondary
TN,1995,56214,1259,0.641900003,yes,no,yes,no,21109,36.29959106,secondary
TN,1996,58435,1239,0.633100033,yes,no,yes,no,21800,36.45207977,secondary
TN,1997,60526,1225,0.606700003,yes,no,yes,no,22699,36.596241,secondary
TX,1983,131883,3823,NA,no,no,no,no,12206,32.34232712,no
TX,1984,137737,3912,NA,no,no,no,no,13227,32.41722488,no
TX,1985,143263,3678,NA,no,no,yes,no,13980,32.48801041,no
TX,1986,148348,3567,NA,no,no,yes,no,13972,32.54019165,primary
TX,1987,151186,3260,NA,yes,no,yes,no,14267,32.67171478,primary
TX,1988,156458,3392,NA,yes,no,yes,no,15118,32.81078339,primary
TX,1989,159512,3370,NA,yes,no,yes,no,16110,33.02727509,primary
TX,1990,162232,3250,0.680000007,yes,no,yes,no,17290,33.23519135,primary
TX,1991,158756,3078,0.680000007,yes,no,yes,no,17985,33.33799362,primary
TX,1992,163329,3059,0.689999998,yes,no,yes,no,18886,33.46712112,primary
TX,1993,167611,3043,0.689999998,yes,no,yes,no,19606,33.55478668,primary
TX,1994,178348,3187,0.709999979,yes,no,yes,no,20312,33.63592911,primary
TX,1995,181096,3183,0.720000029,yes,yes,yes,no,21320,33.75754547,primary
TX,1996,185386,3742,0.74000001,yes,yes,yes,no,22345,33.84126663,primary
TX,1997,198700,3513,0.75,yes,yes,yes,no,23707,33.95248032,primary
UT,1983,11221,283,NA,no,no,yes,yes,9582,28.55427742,no
UT,1984,11661,315,NA,no,no,yes,yes,10429,28.73571968,no
UT,1985,12037,303,NA,no,no,yes,yes,11017,28.91510963,no
UT,1986,12100,313,NA,no,no,yes,yes,11380,29.12306786,secondary
UT,1987,12679,297,NA,yes,no,yes,yes,11862,29.27321625,secondary
UT,1988,13263,297,NA,yes,no,yes,yes,12450,29.50710869,secondary
UT,1989,13915,303,NA,yes,no,yes,yes,13238,29.74526215,secondary
UT,1990,14646,272,0.389999986,yes,no,yes,yes,14214,30.12414932,secondary
UT,1991,15391,271,0.449999988,yes,no,yes,yes,14855,30.24854088,secondary
UT,1992,16307,269,0.5,yes,no,yes,yes,15561,30.4318409,secondary
UT,1993,17056,303,0.5,yes,no,yes,yes,16359,30.53959084,secondary
UT,1994,18078,343,0.529999971,yes,no,yes,yes,17004,30.74268913,secondary
UT,1995,18781,325,0.560000002,yes,yes,yes,yes,18054,30.89189529,secondary
UT,1996,19539,321,0.600000024,yes,yes,yes,yes,19214,30.95533752,secondary
UT,1997,20444,366,0.629999995,yes,yes,yes,yes,20185,30.99706459,secondary
VA,1983,42299,901,NA,no,no,no,no,12589,33.88288116,no
VA,1984,44527,1013,NA,no,no,no,no,13926,34.06587601,no
VA,1985,47928,976,0.275000006,no,no,no,no,14906,34.21823883,no
VA,1986,51726,1126,0.347000003,no,no,yes,no,15837,34.31181335,no
VA,1987,54834,1021,0.324999988,no,no,yes,no,16884,34.39147568,no
VA,1988,57453,1072,0.630999982,yes,no,yes,no,18064,34.49995804,secondary
VA,1989,59337,1004,0.52700001,yes,no,yes,no,19244,34.5945816,secondary
VA,1990,60178,1079,0.54400003,yes,no,yes,no,20021,34.87753296,secondary
VA,1991,61099,948,0.575999975,yes,no,yes,no,20498,34.98414993,secondary
VA,1992,63447,839,0.715999961,yes,no,yes,no,21280,35.15878677,secondary
VA,1993,64171,879,0.731999993,yes,no,yes,no,22133,35.33334351,secondary
VA,1994,67609,930,0.718000054,yes,no,yes,yes,23031,35.49961472,secondary
VA,1995,69811,900,0.701999962,yes,no,yes,yes,23943,35.66931152,secondary
VA,1996,71302,877,0.69599998,yes,no,yes,yes,24950,35.85574722,secondary
VA,1997,70320,984,0.671000004,yes,no,yes,yes,26109,35.99414825,secondary
VT,1983,4151,94,NA,no,no,no,no,10813,34.1230011,no
VT,1984,4403,114,NA,no,no,no,no,11857,34.24621201,no
VT,1985,4688,115,0.181000009,no,no,no,no,12800,34.40294266,no
VT,1986,4778,109,0.217999995,no,no,yes,no,13675,34.5319519,no
VT,1987,5039,119,NA,yes,no,yes,no,14750,34.66226196,no
VT,1988,5553,129,0.302000016,yes,no,yes,no,15948,34.79411697,no
VT,1989,5765,116,0.35799998,yes,no,yes,no,17215,34.91524124,no
VT,1990,5838,90,0.393000007,yes,no,yes,yes,17677,35.02246475,no
VT,1991,5870,110,0.414999992,yes,no,yes,yes,17899,35.1350441,no
VT,1992,6019,96,0.465999991,yes,no,yes,yes,18883,35.37164307,no
VT,1993,5976,110,0.537999988,yes,no,yes,yes,19392,35.59476852,no
VT,1994,6152,77,0.675999999,yes,no,yes,yes,20196,35.81753922,secondary
VT,1995,6206,106,0.671999991,yes,no,yes,yes,21246,36.10445786,secondary
VT,1996,6377,88,0.689999998,yes,no,yes,yes,22179,36.43804932,secondary
VT,1997,6466,96,0.708999991,yes,no,yes,yes,23017,36.76795959,secondary
WA,1983,36144,698,NA,no,no,yes,no,12925,34.06853867,no
WA,1984,34248,746,NA,no,no,yes,no,13745,34.26583481,no
WA,1985,34375,744,NA,no,no,yes,no,14432,34.38945389,no
WA,1986,35993,703,0.360000014,no,no,yes,no,15243,34.54888153,no
WA,1987,38520,780,0.514999986,yes,no,yes,no,15939,34.68305588,secondary
WA,1988,41813,778,0.529999971,yes,no,yes,no,16884,34.78147125,secondary
WA,1989,43233,781,0.550000012,yes,no,yes,no,18211,34.85494614,secondary
WA,1990,44695,825,0.550000012,yes,no,yes,no,19605,34.81503677,secondary
WA,1991,46449,682,0.675000012,yes,no,yes,no,20401,34.92193985,secondary
WA,1992,49386,651,0.675000012,yes,no,yes,no,21436,35.03585052,secondary
WA,1993,46135,661,0.709999979,yes,no,yes,no,22024,35.18123627,secondary
WA,1994,47428,640,0.764999986,yes,no,yes,no,22687,35.32674789,secondary
WA,1995,49250,653,0.800000012,yes,yes,yes,no,23677,35.48202896,secondary
WA,1996,49405,712,0.839999974,yes,yes,yes,no,24958,35.61769867,secondary
WA,1997,51044,674,0.819999993,yes,yes,yes,no,26451,35.7070694,secondary
WI,1983,34106,725,NA,no,no,no,no,11796,34.60904694,no
WI,1984,35367,822,NA,no,no,no,no,12941,34.76298141,no
WI,1985,36679,744,NA,no,no,no,no,13586,34.90692139,no
WI,1986,38428,747,NA,no,no,yes,no,14285,35.03377151,no
WI,1987,40196,797,0.262999982,yes,no,yes,no,15017,35.18515396,no
WI,1988,42458,807,0.559000015,yes,no,yes,no,15806,35.30464172,secondary
WI,1989,43086,817,NA,yes,no,yes,no,16827,35.39264297,secondary
WI,1990,44277,769,0.519999981,yes,no,yes,no,17692,35.45774078,secondary
WI,1991,45458,797,0.579999983,yes,no,yes,no,18237,35.54236603,secondary
WI,1992,47628,652,0.589999974,yes,no,yes,no,19331,35.68453598,secondary
WI,1993,49167,714,0.639999986,yes,no,yes,no,20009,35.83947754,secondary
WI,1994,50273,712,0.639999986,yes,no,yes,no,21012,35.94728851,secondary
WI,1995,51396,745,0.639999986,yes,no,yes,no,21960,36.11486435,secondary
WI,1996,52782,761,0.610000014,yes,no,yes,no,22987,36.27373886,secondary
WI,1997,54404,725,0.620000005,yes,no,yes,no,24048,36.37247086,secondary
WV,1983,11696,425,NA,no,no,no,no,9417,35.21595001,no
WV,1984,12671,438,NA,no,no,no,no,10158,35.48919678,no
WV,1985,12664,420,NA,no,no,no,no,10643,35.80871582,no
WV,1986,13181,440,NA,no,no,yes,no,11169,36.09379959,no
WV,1987,13742,471,NA,yes,no,yes,no,11632,36.43614578,no
WV,1988,13884,460,NA,yes,no,yes,no,12399,36.76451111,no
WV,1989,14940,468,NA,yes,no,yes,no,13149,37.09120941,no
WV,1990,15418,481,0.430000007,yes,no,yes,no,14176,37.28147507,no
WV,1991,16026,414,0.430000007,yes,no,yes,no,14815,37.37654877,no
WV,1992,16478,420,0.330000013,yes,no,yes,no,15679,37.53059006,no
WV,1993,16778,429,0.550000012,yes,no,yes,no,16306,37.67301178,secondary
WV,1994,17112,356,0.579999983,yes,no,yes,no,16948,37.83152008,secondary
WV,1995,17421,377,0.579999983,yes,no,yes,no,17441,37.97182083,secondary
WV,1996,17693,348,0.579999983,yes,no,yes,no,18116,38.2092247,secondary
WV,1997,18324,381,0.579999983,yes,no,yes,no,18724,38.43574524,secondary
WY,1983,5059,173,NA,no,no,no,no,12352,31.14063644,no
WY,1984,5127,157,NA,no,no,no,no,12983,31.43331909,no
WY,1985,5401,152,NA,no,no,no,no,13669,31.7466507,no
WY,1986,5373,168,NA,no,no,no,no,13455,32.00455475,no
WY,1987,5349,129,NA,yes,no,no,no,13582,32.39461899,no
WY,1988,5658,155,NA,yes,no,yes,no,14317,32.88244247,no
WY,1989,5750,127,NA,yes,no,yes,no,15535,33.30503464,secondary
WY,1990,5833,125,0.25999999,yes,no,yes,no,17174,33.54692078,secondary
WY,1991,5998,122,0.660000026,yes,no,yes,no,18348,33.71205902,secondary
WY,1992,6217,118,0.660000026,yes,no,yes,no,18704,33.96466827,secondary
WY,1993,6770,120,0.670000017,yes,no,yes,no,19535,34.21438217,secondary
WY,1994,6689,144,0.699999988,yes,no,yes,no,19865,34.45578003,secondary
WY,1995,7044,170,0.709999979,yes,yes,yes,no,20685,34.76661301,secondary
WY,1996,7360,143,0.720000029,yes,yes,yes,no,21524,35.07434845,secondary
WY,1997,7576,137,0.75,yes,yes,yes,no,22596,35.38646317,secondary